LANDING_YEAR,PACFIN_SPECIES_CODE,PACFIN_SPECIES_COMMON_NAME,FIRST_QTR_LANDED_WEIGHT_MTONS,FIRST_QTR_EXVESSEL_REVENUE,FIRST_QTR_LANDED_PPP,FIRST_QTR_NUMBER_OF_VESSELS,FIRST_QTR_NUMBER_OF_DEALERS,FIRST_QTR_CONFIDENTIAL_FLAG,SECOND_QTR_LANDED_WEIGHT_MTONS,SECOND_QTR_EXVESSEL_REVENUE,SECOND_QTR_LANDED_PPP,SECOND_QTR_NUMBER_OF_VESSELS,SECOND_QTR_NUMBER_OF_DEALERS,SECOND_QTR_CONFIDENTIAL_FLAG,THIRD_QTR_LANDED_WEIGHT_MTONS,THIRD_QTR_EXVESSEL_REVENUE,THIRD_QTR_LANDED_PPP,THIRD_QTR_NUMBER_OF_VESSELS,THIRD_QTR_NUMBER_OF_DEALERS,THIRD_QTR_CONFIDENTIAL_FLAG,FOURTH_QTR_LANDED_WEIGHT_MTONS,FOURTH_QTR_EXVESSEL_REVENUE,FOURTH_QTR_LANDED_PPP,FOURTH_QTR_NUMBER_OF_VESSELS,FOURTH_QTR_NUMBER_OF_DEALERS,FOURTH_QTR_CONFIDENTIAL_FLAG
1985,CMCK,CHUB MACKEREL,3429.92,684080.27,0.09,72,23, ,2104.35,391850.88,0.08,73,22, ,5955.46,1093690.24,0.08,78,14, ,6658.82,1152763.53,0.08,57,12, 
1985,JMCK,JACK MACKEREL,1211.75,240510.31,0.09,27,14, ,1980.55,370759.17,0.08,54,18, ,2628.03,482930.84,0.08,49,19, ,1055.27,197859.45,0.09,24,13, 
1985,MSQD,MARKET SQUID,680.18,428624.98,0.29,53,30, ,4255.25,2165492.57,0.23,87,44, ,1184.12,522096.99,0.2,46,23, ,4950.02,1166728.87,0.11,53,30, 
1985,NANC,NORTHERN ANCHOVY,124.23,38871.95,0.14,12,13, ,151.72,33450.28,0.1,14,16, ,348.59,89333.89,0.12,22,22, ,1002.15,66092.62,0.03,15,13, 
1985,PSDN,PACIFIC SARDINE,0,0,0,0,0, ,0.71,288.5,0.18,5,5, ,1.62,413.55,0.12,3,4, ,3.51,711.9,0.09,3,4, 
1985,UMCK,UNSP. MACKEREL,3566.61,625471.7,0.08,152,56, ,7303.26,1267503.49,0.08,187,67, ,5441.15,808121.14,0.07,179,80, ,3312.39,539864.9,0.07,133,69, 
1986,CMCK,CHUB MACKEREL,2113.87,300852.98,0.06,41,11, ,2798.2,454973.99,0.07,68,17, ,7131.06,1189367.21,0.08,98,24, ,10050.3,1622455.18,0.07,78,27, 
1986,JMCK,JACK MACKEREL,831.26,144267.7,0.08,23,9, ,1204.97,201607.85,0.08,32,14, ,1840.97,328170.64,0.08,33,13, ,900.08,154374.5,0.08,34,15, 
1986,MSQD,MARKET SQUID,3446.48,702589.12,0.09,39,24, ,2673.53,675672.26,0.11,52,34, ,3597.34,935481.37,0.12,36,28, ,11572.01,2204851.84,0.09,82,45, 
1986,NANC,NORTHERN ANCHOVY,15.9,3732.36,0.11,6,8, ,994.77,102780.23,0.05,18,18, ,527.84,122465.99,0.11,23,21, ,17.84,4497.05,0.11,7,6, 
1986,PSDN,PACIFIC SARDINE,166.74,38603.74,0.11,13,14, ,187.73,36909.96,0.09,21,14, ,32.26,6748.67,0.09,10,11, ,1.75,418,0.11,5,5, 
1986,UMCK,UNSP. MACKEREL,8336.16,1334608.97,0.07,121,59, ,9654.15,1599190.21,0.08,137,72, ,4739.95,706163.94,0.07,164,82, ,3206.07,565624.01,0.08,90,52, 
1987,CMCK,CHUB MACKEREL,7216.88,1133820.75,0.07,83,31, ,6442.46,1029159.77,0.07,106,42, ,8621.37,1047965.69,0.06,205,63, ,4660.84,773229.43,0.08,79,42, 
1987,JMCK,JACK MACKEREL,1687.39,285229.22,0.08,29,12, ,1304,188507.25,0.07,40,19, ,3061.44,422693.02,0.06,65,24, ,1967.31,297696.61,0.07,31,9, 
1987,MSQD,MARKET SQUID,5395.28,1031594.52,0.09,44,29, ,2111.7,437172.62,0.09,34,32, ,3645.88,834284.63,0.1,43,32, ,8831.22,1651896.89,0.08,65,35, 
1987,NANC,NORTHERN ANCHOVY,80.65,13565.66,0.08,8,8, ,420.01,89830.05,0.1,18,13, ,506.37,143756.11,0.13,21,22, ,452.16,60115.29,0.06,14,15, 
1987,PSDN,PACIFIC SARDINE,314.07,46484.34,0.07,19,15, ,70.42,10019.87,0.06,19,19, ,54.5,6336.25,0.05,17,16, ,,,,3,2,*
1987,UMCK,UNSP. MACKEREL,5283.75,907792.85,0.08,66,41, ,2395.35,368485.55,0.07,95,54, ,7986.01,941954.64,0.05,160,70, ,4117.9,473421.3,0.05,75,44, 
1988,CMCK,CHUB MACKEREL,3679.57,656059.31,0.08,88,42, ,12813.26,2165908.77,0.08,91,45, ,9009.49,1537414.51,0.08,193,60, ,4625.3,759835.33,0.07,71,34, 
1988,JMCK,JACK MACKEREL,1925.95,260138.52,0.06,26,10, ,1059.79,168102.2,0.07,49,21, ,1703.1,288522.98,0.08,47,20, ,378.63,79046.87,0.09,14,10, 
1988,MSQD,MARKET SQUID,8284.72,1498846.49,0.08,46,21, ,4904.7,900169.42,0.08,41,22, ,3852.41,918077.17,0.11,59,35, ,20273.56,4242019.29,0.09,74,46, 
1988,NANC,NORTHERN ANCHOVY,124.62,27331.45,0.1,15,11, ,558.32,132046.08,0.11,18,12, ,475.99,225520.61,0.21,17,17, ,359.22,32159.35,0.04,9,11, 
1988,PSDN,PACIFIC SARDINE,999.87,116098.54,0.05,26,12, ,46.8,37578.3,0.36,11,8, ,25.47,3132.7,0.06,11,10, ,116.27,14712.7,0.06,7,5, 
1988,UMCK,UNSP. MACKEREL,7077.1,819952.74,0.05,58,33, ,4170.9,665779.35,0.07,98,52, ,3970.46,690107.93,0.08,148,57, ,5517.22,918443.61,0.08,55,34, 
1989,CMCK,CHUB MACKEREL,7709.75,1205935,0.07,79,39, ,6464.48,1093596.34,0.08,94,41, ,5513.9,847882.33,0.07,235,61, ,1383.48,202414.39,0.07,63,41, 
1989,JMCK,JACK MACKEREL,730.81,182093.16,0.11,14,8, ,1488.04,218962.6,0.07,33,15, ,5064.27,763809.41,0.07,46,22, ,3462.17,492445.69,0.06,33,13, 
1989,MSQD,MARKET SQUID,14855.45,3126417.29,0.1,51,26, ,5315.85,1132947.11,0.1,46,30, ,2781.61,645992.85,0.11,37,24, ,18022.21,2608907.77,0.07,73,41, 
1989,NANC,NORTHERN ANCHOVY,88.15,14793.57,0.08,11,11, ,833.04,190290.26,0.1,19,18, ,1156.78,370952.51,0.15,17,17, ,433.2,121558.01,0.13,16,16, 
1989,PSDN,PACIFIC SARDINE,626.11,171109.47,0.12,35,22, ,92.39,10208.12,0.05,8,5, ,18.2,2205.2,0.05,8,7, ,100,11639.04,0.05,4,3, 
1989,UMCK,UNSP. MACKEREL,6277.85,990040.85,0.07,52,35, ,4029.97,578989.1,0.07,102,49, ,11202.62,1480494.33,0.06,190,66, ,5085.78,647277.45,0.06,73,41, 
1990,CMCK,CHUB MACKEREL,3146.13,392129.52,0.06,74,29, ,4273.81,603604.31,0.06,95,42, ,17234.86,2300779.63,0.06,294,72, ,6379.4,872803.48,0.06,104,47, 
1990,JMCK,JACK MACKEREL,1048.71,131549.11,0.06,24,10, ,458.87,63678.28,0.06,43,21, ,1120.62,151268.53,0.06,80,24, ,626.12,96198.35,0.07,26,14, 
1990,MSQD,MARKET SQUID,3865.76,491224.05,0.06,37,20, ,3683.86,604338.58,0.07,30,18, ,2445.44,470972.35,0.09,39,32, ,18451.73,3163350.09,0.08,66,37, 
1990,NANC,NORTHERN ANCHOVY,183.6,21266.37,0.05,8,8, ,1569.67,281630.04,0.08,21,18, ,1365.69,275316.49,0.09,20,18, ,139.66,47014.96,0.15,9,8, 
1990,PSDN,PACIFIC SARDINE,1292.72,147654.1,0.05,31,14, ,159.11,20484.53,0.06,25,14, ,145.09,14890.69,0.05,27,14, ,67.31,7553.48,0.05,19,9, 
1990,UMCK,UNSP. MACKEREL,4862.44,602140.87,0.06,49,27, ,494.86,71817.95,0.07,105,46, ,2724.89,371577.34,0.06,216,75, ,956.93,139450.8,0.07,55,35, 
1991,CMCK,CHUB MACKEREL,6485.3,885037.79,0.06,76,34, ,7292.22,988550.59,0.06,97,40, ,8756.04,2156012.41,0.11,130,52, ,9193.92,1229832.8,0.06,77,34, 
1991,JMCK,JACK MACKEREL,1089.25,140081.33,0.06,21,8, ,114.39,24995.43,0.1,17,11, ,65.27,12431.2,0.09,20,14, ,443.22,71146.2,0.07,23,17, 
1991,MSQD,MARKET SQUID,4877.29,846756.4,0.08,36,21, ,51.55,32323.35,0.28,7,6, ,7358.54,1765093.61,0.11,34,25, ,25100.9,3428151,0.06,65,30, 
1991,NANC,NORTHERN ANCHOVY,130.85,64928.43,0.23,9,8, ,2605.04,295350.87,0.05,29,23, ,1041.6,230100.28,0.1,20,13, ,290.75,60930.63,0.1,12,8, 
1991,PSDN,PACIFIC SARDINE,4434.73,508453.06,0.05,36,15, ,522.1,56365.43,0.05,23,13, ,934.8,105127.16,0.05,19,13, ,1695.68,223009.55,0.06,30,11, 
1991,UMCK,UNSP. MACKEREL,101.27,15476.54,0.07,19,16, ,24.06,10933.71,0.21,37,27, ,144.3,36741.01,0.12,69,38, ,69.1,18463.86,0.12,25,23, 
1992,CMCK,CHUB MACKEREL,6148.47,727117.69,0.05,84,50, ,2466.36,1819845,0.33,332,98, ,8364.92,1190311.27,0.06,215,75, ,2056.23,265245.02,0.06,97,48, 
1992,JMCK,JACK MACKEREL,447.55,54606.89,0.06,30,14, ,409.01,65502.63,0.07,34,22, ,391.79,85086.57,0.1,39,20, ,277.51,33649.75,0.06,39,16, 
1992,MSQD,MARKET SQUID,2566.25,324026.99,0.06,22,17, ,1343.42,238949.47,0.08,33,22, ,6274.39,1281207.62,0.09,44,26, ,2934.35,601953.82,0.09,58,27, 
1992,NANC,NORTHERN ANCHOVY,124.52,20001.37,0.07,10,7, ,545.63,89545.2,0.07,23,16, ,332.54,66053.11,0.09,14,13, ,162.88,48137.44,0.13,11,13, 
1992,PSDN,PACIFIC SARDINE,4682.33,459796.02,0.04,37,15, ,1657.57,256461.43,0.07,30,19, ,1101.35,106499.25,0.04,33,18, ,10614.44,1052602.61,0.04,44,19, 
1992,UMCK,UNSP. MACKEREL,0.51,215,0.19,3,3, ,0.85,488.08,0.26,15,11, ,6.74,3178.13,0.21,17,12, ,0.26,246.05,0.43,6,5, 
1993,CMCK,CHUB MACKEREL,5835.61,674789.37,0.05,82,50, ,1862.91,243087.06,0.06,112,56, ,2532.02,324092.13,0.06,183,77, ,1867.9,260668.61,0.06,95,58, 
1993,JMCK,JACK MACKEREL,597.95,78376.3,0.06,31,15, ,586.29,101108.98,0.08,47,26, ,587.21,65709.01,0.05,118,42, ,178.04,30188.56,0.08,34,21, 
1993,MSQD,MARKET SQUID,6480.18,1476585,0.1,39,21, ,123.1,56597.99,0.21,31,23, ,5868.46,2159569.41,0.17,51,27, ,30391.74,6603230.65,0.1,68,28, 
1993,NANC,NORTHERN ANCHOVY,169.49,23679,0.06,11,9, ,830.39,126152.79,0.07,22,16, ,815.12,281288.86,0.16,18,15, ,187.65,46816.2,0.11,16,11, 
1993,PSDN,PACIFIC SARDINE,8792.8,881479.72,0.05,32,14, ,3126.25,300291.03,0.04,33,21, ,315.49,41023.51,0.06,16,14, ,3111.42,321957.98,0.05,32,17, 
1993,UMCK,UNSP. MACKEREL,0,0,0,0,0, ,,,,2,2,*,,,,4,2,*,,,,1,1,*
1994,CMCK,CHUB MACKEREL,3406.91,349462.1,0.05,84,46, ,2310.75,387857.46,0.08,128,60, ,2104.99,396921.58,0.09,148,74, ,2435.43,298968.5,0.06,109,55, 
1994,JMCK,JACK MACKEREL,1356.32,140279.13,0.05,29,17, ,1018.96,164538.5,0.07,68,37, ,173.68,18691.17,0.05,48,29, ,356.83,57645.5,0.07,55,26, 
1994,MSQD,MARKET SQUID,13182.03,2008586.78,0.07,52,27, ,5146.75,1697869.97,0.15,49,24, ,11089.7,3700108.13,0.15,66,35, ,26069.91,6970602.05,0.12,78,43, 
1994,NANC,NORTHERN ANCHOVY,65.68,23658.15,0.16,7,6, ,617.18,199517.07,0.15,22,21, ,1106.64,297300.61,0.12,26,22, ,69.72,30041,0.2,12,10, 
1994,PSDN,PACIFIC SARDINE,4444.13,398437.06,0.04,35,18, ,3538.71,381934.2,0.05,34,25, ,1455.27,261969.89,0.08,25,23, ,2205.43,472941.05,0.1,35,22, 
1994,UMCK,UNSP. MACKEREL,0,0,0,0,0, ,,,,4,1,*,29.88,2645.68,0.04,5,3, ,,,,2,2,*
1995,CMCK,CHUB MACKEREL,3456.5,447262.04,0.06,77,44, ,1864.13,178787.01,0.04,102,55, ,2579.82,366478.11,0.06,121,71, ,913.87,156591.4,0.08,92,55, 
1995,JMCK,JACK MACKEREL,542.79,75472.27,0.06,25,15, ,251.89,69193.02,0.12,50,28, ,505.57,68840.48,0.06,50,26, ,576.72,78306.72,0.06,42,22, 
1995,MSQD,MARKET SQUID,15280.33,5698784.5,0.17,68,31, ,2528.85,787573.72,0.14,59,25, ,7661.69,2343071.49,0.14,58,34, ,44867.61,13527858.7,0.14,89,33, 
1995,NANC,NORTHERN ANCHOVY,34.03,10840.6,0.14,8,8, ,1066.63,139889.56,0.06,29,17, ,722.21,157510.43,0.1,17,18, ,192.92,60417.9,0.14,14,14, 
1995,PSDN,PACIFIC SARDINE,13312.69,1244614.7,0.04,34,15, ,13616.36,1103003.21,0.04,35,25, ,4074.83,359782.25,0.04,31,19, ,9177.92,844645.72,0.04,45,19, 
1995,UMCK,UNSP. MACKEREL,0,0,0,0,0, ,0,0,0,0,0, ,,,,3,2,*,,,,1,1,*
1996,CMCK,CHUB MACKEREL,3017.74,337598.99,0.05,106,62, ,770.3,127088.64,0.07,101,54, ,3581.33,500529.89,0.06,110,61, ,2291.61,330101.46,0.07,94,56, 
1996,JMCK,JACK MACKEREL,1190.98,145588.57,0.06,24,10, ,550.54,61996.35,0.05,49,18, ,471.05,54085.97,0.05,46,19, ,221.92,42920.97,0.09,29,17, 
1996,MSQD,MARKET SQUID,28396.55,7189324.72,0.11,88,33, ,3462.1,937151.86,0.12,56,20, ,3894.78,1155572.94,0.13,54,26, ,44895.54,12613770.52,0.13,108,36, 
1996,NANC,NORTHERN ANCHOVY,118.27,40724.34,0.16,9,8, ,3210.18,371813.78,0.05,32,24, ,996.06,203887.61,0.09,17,17, ,180.5,84004.23,0.21,12,12, 
1996,PSDN,PACIFIC SARDINE,9976.7,858506.91,0.04,37,14, ,6391.38,675647.24,0.05,40,22, ,4747.89,712064.99,0.07,32,17, ,11437.12,905491.15,0.04,47,22, 
1996,UMCK,UNSP. MACKEREL,0,0,0,0,0, ,,,,3,2,*,8.04,1914.75,0.11,5,3, ,1.45,798,0.25,3,3, 
1997,CMCK,CHUB MACKEREL,2971.72,420946.54,0.06,94,54, ,506.87,89803.8,0.08,115,57, ,5009.18,542802.79,0.05,121,68, ,11515.16,1705468.17,0.07,85,51, 
1997,JMCK,JACK MACKEREL,631.21,142532.5,0.1,28,17, ,127.11,21234.75,0.08,46,18, ,586.81,40662.65,0.03,63,27, ,188.33,42732.37,0.1,13,11, 
1997,MSQD,MARKET SQUID,60472.85,17251484.2,0.13,106,38, ,7699.93,2531642.48,0.15,72,31, ,1844.54,750573.65,0.18,52,23, ,433.61,166945.96,0.17,61,21, 
1997,NANC,NORTHERN ANCHOVY,126.18,21851.54,0.08,12,10, ,3948.19,339381.67,0.04,24,21, ,1614.77,432308.93,0.12,23,17, ,88.05,18038.12,0.09,7,5, 
1997,PSDN,PACIFIC SARDINE,6448.46,630051.93,0.04,35,17, ,4079.57,332607.29,0.04,29,16, ,9626.24,747990.66,0.04,60,25, ,23135.09,2730060.91,0.05,58,27, 
1997,UMCK,UNSP. MACKEREL,0.26,218.1,0.38,6,5, ,2.52,1381.8,0.25,16,10, ,154.82,18552.64,0.05,11,8, ,2.63,1587.9,0.27,17,16, 
1998,CMCK,CHUB MACKEREL,4035.09,522316.68,0.06,75,48, ,2381.03,272472,0.05,96,48, ,8146.46,1008424.09,0.06,151,74, ,6948.42,731825.13,0.05,93,53, 
1998,JMCK,JACK MACKEREL,198.03,79006.08,0.18,27,17, ,310.13,77589.29,0.11,58,28, ,931.67,122999.82,0.06,60,31, ,336.99,101270.31,0.14,32,17, 
1998,MSQD,MARKET SQUID,32.45,23991.03,0.34,30,20, ,4.68,1866.75,0.18,21,8, ,76.66,58134.94,0.34,33,19, ,2789.51,1543372.68,0.25,82,40, 
1998,NANC,NORTHERN ANCHOVY,3.84,2142.4,0.25,3,3, ,670.21,73705.55,0.05,19,17, ,756.57,136038.75,0.08,19,17, ,129.08,33245.49,0.12,9,10, 
1998,PSDN,PACIFIC SARDINE,13228.83,1181106.82,0.04,41,21, ,8947.3,789833.94,0.04,37,24, ,2222.08,165138.15,0.03,40,33, ,18776.04,1480654.81,0.04,50,32, 
1998,UMCK,UNSP. MACKEREL,0,0,0,0,0, ,,,,4,2,*,,,,4,2,*,,,,2,2,*
1999,CMCK,CHUB MACKEREL,5213.96,573168.36,0.05,68,35, ,390.46,46063.92,0.05,59,25, ,2422.69,344027.98,0.06,83,40, ,919.55,125277.21,0.06,37,16, 
1999,JMCK,JACK MACKEREL,312.07,61473.4,0.09,17,10, ,377.91,70712.53,0.08,47,18, ,675.03,25028.35,0.02,54,23, ,188.12,40619.38,0.1,17,13, 
1999,MSQD,MARKET SQUID,7749.66,3719875.23,0.22,95,34, ,22104.86,13830393.58,0.28,99,31, ,2996.59,1329674.89,0.2,63,28, ,59062.03,13967460.21,0.11,112,37, 
1999,NANC,NORTHERN ANCHOVY,1159.3,96394.78,0.04,23,14, ,729.67,204733.67,0.13,26,16, ,1994.54,270985.95,0.06,23,23, ,1393.2,287748.28,0.09,18,11, 
1999,PSDN,PACIFIC SARDINE,26909.94,2074821.23,0.03,51,21, ,4519.61,437641.96,0.04,43,27, ,14420.45,1290612.06,0.04,52,29, ,14418.99,1153375.47,0.04,53,20, 
1999,UMCK,UNSP. MACKEREL,0,0,0,0,0, ,,,,3,2,*,46.39,4282.36,0.04,11,6, ,,,,1,1,*
2000,CMCK,CHUB MACKEREL,742.43,136042.46,0.08,39,26, ,2425.33,376400.26,0.07,68,37, ,17079.71,2180932.56,0.06,102,47, ,1744.63,227956.49,0.06,55,28, 
2000,JMCK,JACK MACKEREL,240.71,56188.13,0.11,17,11, ,768.88,136621.53,0.08,77,37, ,254.03,35520.72,0.06,60,29, ,186.89,28257.02,0.07,15,11, 
2000,MSQD,MARKET SQUID,31227.37,6958056.61,0.1,103,30, ,15209.9,3877868.18,0.12,84,34, ,5482.54,1407364.82,0.12,70,28, ,66889.34,14860492.71,0.1,110,34, 
2000,NANC,NORTHERN ANCHOVY,2867.57,407986.05,0.06,26,15, ,2961.96,317785.11,0.05,24,17, ,1160.64,207728.21,0.08,18,16, ,4842.01,467899.25,0.04,24,13, 
2000,PSDN,PACIFIC SARDINE,24514.71,2642248.18,0.05,51,22, ,7551.89,718092.77,0.04,50,22, ,23587.32,2474271.16,0.05,61,26, ,12327.23,1258166.97,0.05,60,22, 
2000,UMCK,UNSP. MACKEREL,0,0,0,0,0, ,,,,2,1,*,,,,9,2,*,,,,1,1,*
2001,CMCK,CHUB MACKEREL,591.76,74576.28,0.06,38,20, ,58.74,22405.69,0.17,56,38, ,4623.51,704748.67,0.07,91,46, ,1972.42,295079.09,0.07,58,33, 
2001,JMCK,JACK MACKEREL,531.17,86855.96,0.07,22,10, ,1597.2,233986.55,0.07,49,21, ,1053.53,147669.74,0.06,53,18, ,669.97,101230.92,0.07,17,7, 
2001,MSQD,MARKET SQUID,25247.44,4011691.4,0.07,94,36, ,9520.16,1836006.67,0.09,79,27, ,10048.09,2357011.04,0.11,64,27, ,41569.43,8757124.72,0.1,81,21, 
2001,NANC,NORTHERN ANCHOVY,4330.74,292630.87,0.03,28,15, ,12518.12,807666.88,0.03,36,17, ,2155.17,300686.77,0.06,24,16, ,340.55,32516.73,0.04,17,10, 
2001,PSDN,PACIFIC SARDINE,21494.95,2363275.24,0.05,54,19, ,9203.86,1012548.35,0.05,50,24, ,31417.61,3395926.98,0.05,75,32, ,13683.79,2139081.2,0.07,60,22, 
2001,UMCK,UNSP. MACKEREL,0,0,0,0,0, ,,,,6,2,*,341.36,36768.05,0.05,22,8, ,0.41,448.04,0.5,5,4, 
2002,CMCK,CHUB MACKEREL,403.22,71685.18,0.08,52,22, ,820.67,99797.5,0.06,44,25, ,1183.56,172060.33,0.07,52,24, ,1085.68,145449.68,0.06,32,15, 
2002,JMCK,JACK MACKEREL,163.42,27451.1,0.08,25,9, ,407.66,65626.08,0.07,35,16, ,397.55,98783.21,0.11,52,21, ,55.45,11697.63,0.1,10,7, 
2002,MSQD,MARKET SQUID,32184,7268839.97,0.1,96,27, ,18729.17,5053765.41,0.12,73,28, ,7072.01,1789251.8,0.11,40,18, ,14893.66,4139834.42,0.13,85,34, 
2002,NANC,NORTHERN ANCHOVY,1975.29,144094.95,0.03,24,9, ,1126.28,167186.9,0.07,28,18, ,1501.52,274886.38,0.08,27,17, ,272.13,37110.24,0.06,14,11, 
2002,PSDN,PACIFIC SARDINE,17974.37,1717972.46,0.04,54,16, ,10165.13,1085612.01,0.05,55,24, ,49120.16,5544542.59,0.05,68,31, ,19636.03,2015506.58,0.05,57,25, 
2002,UMCK,UNSP. MACKEREL,1.37,1292.25,0.43,6,6, ,0.18,122.95,0.32,6,5, ,238.12,28111.91,0.05,20,7, ,10.28,1383.15,0.06,4,3, 
2003,CMCK,CHUB MACKEREL,279.21,41251.54,0.07,39,18, ,133.83,26852.28,0.09,29,19, ,2401.7,354506,0.07,41,23, ,1344.48,219703.01,0.07,34,18, 
2003,JMCK,JACK MACKEREL,27.33,6008.48,0.1,8,6, ,48.35,16838.9,0.16,34,12, ,69.64,2522.23,0.02,38,17, ,86.16,30844.18,0.16,21,8, 
2003,MSQD,MARKET SQUID,1959.12,1007742.67,0.23,51,23, ,5631.92,3130643.6,0.25,85,33, ,9098.47,5109419.58,0.25,72,33, ,28383.19,16135681.36,0.26,107,30, 
2003,NANC,NORTHERN ANCHOVY,312.4,33444.49,0.05,12,10, ,687.46,128378.8,0.08,22,16, ,313.77,120902.39,0.17,13,13, ,614.95,59026.26,0.04,11,11, 
2003,PSDN,PACIFIC SARDINE,19083.26,1507515.34,0.04,49,21, ,5013.33,378915.97,0.03,35,25, ,39278.89,4377343.15,0.05,60,32, ,8533.72,768169.64,0.04,57,31, 
2003,UMCK,UNSP. MACKEREL,0,0,0,0,0, ,,,,1,1,*,52.24,7188.6,0.06,15,3, ,,,,2,2,*
2004,CMCK,CHUB MACKEREL,630.69,80823.93,0.06,35,23, ,68.99,18294.85,0.12,20,15, ,1075.93,190078.7,0.08,60,33, ,1900.78,273102.42,0.07,37,17, 
2004,JMCK,JACK MACKEREL,593.43,166727.72,0.13,18,6, ,166.3,32530.1,0.09,20,13, ,222.61,25311.7,0.05,47,12, ,177.66,27004.71,0.07,16,6, 
2004,MSQD,MARKET SQUID,11761.14,4682338.88,0.18,92,25, ,10178.13,5341852.57,0.24,75,24, ,2426.74,1207891.13,0.23,53,23, ,16679.34,8971796.53,0.24,84,19, 
2004,NANC,NORTHERN ANCHOVY,1304.14,118115.96,0.04,12,7, ,3621.22,335903.65,0.04,19,14, ,1483.26,297775.65,0.09,23,15, ,610.31,67374.23,0.05,15,8, 
2004,PSDN,PACIFIC SARDINE,10559.12,1075958.33,0.05,43,17, ,7487.71,785269.58,0.05,43,24, ,51510.01,6193304.56,0.05,66,28, ,19792.64,1723631.05,0.04,64,27, 
2004,UMCK,UNSP. MACKEREL,0,0,0,0,0, ,,,,1,1,*,22.27,2343.22,0.05,16,7, ,,,,3,2,*
2005,CMCK,CHUB MACKEREL,245.78,44534.1,0.08,31,17, ,716.99,129808.11,0.08,29,21, ,1738.57,260886.05,0.07,73,42, ,878.09,133643.67,0.07,55,27, 
2005,JMCK,JACK MACKEREL,51.43,11326.62,0.1,15,9, ,57.82,17784.3,0.14,38,18, ,129.81,28532.4,0.1,47,20, ,40.65,3725.07,0.04,6,3, 
2005,MSQD,MARKET SQUID,20323.15,10696923.62,0.24,78,25, ,1719.62,930282.13,0.25,34,20, ,2203.96,1216599.49,0.25,55,25, ,31507.21,18626730.26,0.27,92,27, 
2005,NANC,NORTHERN ANCHOVY,1279.55,115859.21,0.04,13,6, ,6014.43,563477.53,0.04,27,21, ,2638.86,324228.48,0.06,29,23, ,1481.13,123463.72,0.04,18,13, 
2005,PSDN,PACIFIC SARDINE,6843.62,639543.45,0.04,28,15, ,7498.15,712423.62,0.04,44,29, ,56439.29,6909427.51,0.06,72,38, ,15682.14,1570087.33,0.05,56,27, 
2005,UMCK,UNSP. MACKEREL,0,0,0,0,0, ,,,,4,2,*,,,,4,2,*,0,0,0,0,0, 
2006,CMCK,CHUB MACKEREL,538,68339.83,0.06,45,21, ,650.56,81702.3,0.06,37,24, ,1830.53,251627.89,0.06,73,44, ,3578.32,479094.43,0.06,54,35, 
2006,JMCK,JACK MACKEREL,338.49,76666.72,0.1,19,9, ,601.67,79722.11,0.06,41,18, ,39.15,10155.61,0.12,51,22, ,194.48,32751.09,0.08,16,11, 
2006,MSQD,MARKET SQUID,38156.81,21026216.08,0.25,95,28, ,3285.69,1765853.6,0.24,43,24, ,3194.83,1745458.38,0.25,46,24, ,4548.14,2426348.07,0.24,64,27, 
2006,NANC,NORTHERN ANCHOVY,1117.21,92558.74,0.04,17,12, ,7386.36,537869.06,0.03,21,15, ,1651.17,241433.58,0.07,18,13, ,2803.12,460557.14,0.07,15,11, 
2006,PSDN,PACIFIC SARDINE,9598.94,1281775.23,0.06,39,14, ,7522.62,707766.91,0.04,35,25, ,38489.72,3947562.31,0.05,56,31, ,30996.61,3345451.72,0.05,50,30, 
2006,UMCK,UNSP. MACKEREL,0,0,0,0,0, ,,,,8,2,*,,,,10,2,*,,,,3,2,*
2007,CMCK,CHUB MACKEREL,1100.66,147606.13,0.06,37,24, ,414.54,60877.08,0.07,45,26, ,2879.72,450012.2,0.07,86,38, ,1358.3,188989.86,0.06,42,25, 
2007,JMCK,JACK MACKEREL,61.55,17542.94,0.13,9,5, ,307.34,69867.64,0.1,34,19, ,152.47,34391.98,0.1,54,22, ,123.06,23277.9,0.09,23,10, 
2007,MSQD,MARKET SQUID,23800.61,12818451.35,0.24,77,28, ,351.78,207383.6,0.27,21,18, ,671.23,424028.03,0.29,31,17, ,24651.37,15646496.93,0.29,72,21, 
2007,NANC,NORTHERN ANCHOVY,2987.94,285957.68,0.04,29,17, ,6321.42,652085.66,0.05,26,14, ,1164.62,179550.52,0.07,22,11, ,69.23,18123.64,0.12,8,6, 
2007,PSDN,PACIFIC SARDINE,17880.76,2223501.5,0.06,47,20, ,16577.93,1870391.66,0.05,47,27, ,66377.9,6722045.87,0.05,64,36, ,26951.35,2442490.52,0.04,47,22, 
2007,UMCK,UNSP. MACKEREL,,,,2,2,*,0.08,60.5,0.36,5,4, ,5.22,597.13,0.05,20,9, ,,,,2,2,*
2008,CMCK,CHUB MACKEREL,821.64,127452.45,0.07,33,16, ,1263.93,258785.58,0.09,28,17, ,1179.93,243963.31,0.09,59,30, ,327.74,65647.01,0.09,30,20, 
2008,JMCK,JACK MACKEREL,100.84,16189.6,0.07,16,10, ,69.31,19916.43,0.13,13,9, ,137.01,12537.19,0.04,61,26, ,14.91,5009.5,0.15,5,5, 
2008,MSQD,MARKET SQUID,20262.33,13158022.3,0.29,80,19, ,1526.83,1153462.81,0.34,36,20, ,5071.19,3780137.4,0.34,45,20, ,11239.97,8365144.91,0.34,59,18, 
2008,NANC,NORTHERN ANCHOVY,2076.58,198305.15,0.04,19,8, ,7419.8,685934.5,0.04,33,20, ,974.14,179433.58,0.08,29,17, ,4176.26,583566.05,0.06,11,9, 
2008,PSDN,PACIFIC SARDINE,14517.92,1502504.25,0.05,42,15, ,12124.8,1418767.64,0.05,36,17, ,60460.99,11653594.03,0.09,85,36, ,85.28,5360.34,0.03,25,11, 
2008,UMCK,UNSP. MACKEREL,,,,1,1,*,0.2,156.87,0.36,5,5, ,3.67,1033.05,0.13,14,7, ,,,,2,2,*
2009,CMCK,CHUB MACKEREL,646.13,99592.71,0.07,35,20, ,2133.04,494288.56,0.11,25,19, ,2084.15,457673.33,0.1,55,27, ,269.62,41506.19,0.07,35,16, 
2009,JMCK,JACK MACKEREL,30.5,5782.35,0.09,12,8, ,12.65,3963.1,0.14,34,15, ,20.86,4602.83,0.1,30,20, ,57.08,3682.56,0.03,15,9, 
2009,MSQD,MARKET SQUID,18581.46,14111523.15,0.34,83,18, ,2884.65,2111646.44,0.33,50,20, ,16783.3,11232212.39,0.3,55,16, ,54856.76,29417899.47,0.24,86,22, 
2009,NANC,NORTHERN ANCHOVY,1669.4,193286.56,0.05,24,12, ,860.06,111369.96,0.06,13,12, ,938.25,169752.71,0.08,36,15, ,23.96,4469.3,0.08,17,6, 
2009,PSDN,PACIFIC SARDINE,20291.69,2818729.5,0.06,48,15, ,39.52,5463.4,0.06,28,17, ,46577.63,9598417.52,0.09,92,37, ,174.81,5254.43,0.01,43,13, 
2009,UMCK,UNSP. MACKEREL,1.07,356.64,0.15,3,3, ,,,,2,2,*,3.52,1166.1,0.15,12,3, ,,,,2,2,*
2010,CMCK,CHUB MACKEREL,92.14,32528.29,0.16,26,13, ,566.58,135846.31,0.11,27,18, ,1109.72,222574.22,0.09,45,23, ,338.19,23263.31,0.03,42,15, 
2010,JMCK,JACK MACKEREL,11.85,1521.01,0.06,11,6, ,112.47,30930.41,0.12,14,9, ,131.89,24814.12,0.09,38,17, ,57.45,5361.25,0.04,36,16, 
2010,MSQD,MARKET SQUID,10391.6,5416730.9,0.24,85,19, ,6314.01,3477465.15,0.25,40,21, ,15995.54,8629886.06,0.24,63,21, ,98151.1,53635078.82,0.25,95,25, 
2010,NANC,NORTHERN ANCHOVY,,,,3,2,*,58.33,19874.6,0.15,9,6, ,492.03,182775.11,0.17,24,16, ,664.57,299538.32,0.2,14,15, 
2010,PSDN,PACIFIC SARDINE,12586.7,1647353.93,0.06,35,16, ,10708.91,1632991.3,0.07,48,30, ,42979.28,8953963.39,0.09,81,36, ,638.08,7714.32,0.01,43,12, 
2010,UMCK,UNSP. MACKEREL,,,,1,1,*,,,,2,2,*,,,,6,2,*,,,,1,1,*
2011,CMCK,CHUB MACKEREL,569.48,117700.87,0.09,21,7, ,69.61,34012.99,0.22,23,13, ,634.69,144669.51,0.1,49,20, ,90.72,30781.6,0.15,25,12, 
2011,JMCK,JACK MACKEREL,,,,3,1,*,0.35,304.5,0.39,7,4, ,73.79,9366.52,0.06,51,20, ,25.23,8561.15,0.15,21,12, 
2011,MSQD,MARKET SQUID,785.28,493877.59,0.29,39,12, ,8001.63,4303430.02,0.24,49,19, ,28550.53,15531138,0.25,75,24, ,84175.37,46190340.05,0.25,116,25, 
2011,NANC,NORTHERN ANCHOVY,1214.15,212956.03,0.08,15,11, ,578.01,128077.99,0.1,9,10, ,246.46,130677.68,0.24,10,10, ,742.93,185384.2,0.11,20,8, 
2011,PSDN,PACIFIC SARDINE,15185.67,2382161.06,0.07,37,13, ,54.17,25062.54,0.21,11,8, ,31474.32,7548322.3,0.11,74,29, ,31.23,3293.42,0.05,21,8, 
2011,UMCK,UNSP. MACKEREL,0,0,0,0,0, ,,,,1,1,*,0.04,25.8,0.33,5,4, ,,,,2,2,*
2012,CMCK,CHUB MACKEREL,381.3,122926.04,0.15,31,17, ,769.7,170887.88,0.1,38,21, ,3308.23,531540.28,0.07,68,25, ,1539.48,390672.41,0.12,59,26, 
2012,JMCK,JACK MACKEREL,,,,5,2,*,8.92,2851.72,0.14,16,10, ,119.97,13532.11,0.05,57,22, ,117.49,19006.43,0.07,38,14, 
2012,MSQD,MARKET SQUID,1622.67,1217839.43,0.34,53,12, ,1360.92,849588.63,0.28,22,15, ,39004.98,25460169.56,0.3,88,29, ,55727.79,36380354.73,0.3,107,30, 
2012,NANC,NORTHERN ANCHOVY,1558.42,210241.35,0.06,9,9, ,794.12,118984.58,0.07,13,12, ,257.51,70999.34,0.13,18,9, ,58.24,12929.47,0.1,10,5, 
2012,PSDN,PACIFIC SARDINE,10496.35,1978812.88,0.09,35,15, ,10937.86,2217349.81,0.09,43,23, ,70648.81,15110646.59,0.1,74,32, ,9365.38,1951833.05,0.09,57,25, 
2012,UMCK,UNSP. MACKEREL,,,,2,2,*,61.96,11049.71,0.08,7,4, ,56.27,10239.33,0.08,15,6, ,8.46,1472.61,0.08,16,8, 
2013,CMCK,CHUB MACKEREL,21.57,8033.73,0.17,5,3, ,543.63,99562.36,0.08,27,16, ,1624.33,315380.08,0.09,60,24, ,6501.83,1223228.56,0.09,36,17, 
2013,JMCK,JACK MACKEREL,,,,2,2,*,184.75,33249.96,0.08,24,14, ,133.47,20147.59,0.07,54,21, ,762.62,156365.53,0.09,42,16, 
2013,MSQD,MARKET SQUID,130.23,90432.67,0.31,19,11, ,13052.39,8898100.33,0.31,53,22, ,73371.56,52028015.56,0.32,96,34, ,17859.15,12714207.71,0.32,82,19, 
2013,NANC,NORTHERN ANCHOVY,,,,2,2,*,147.63,77345.85,0.24,7,8, ,426.73,156844.85,0.17,22,14, ,5505.93,833678.19,0.07,18,16, 
2013,PSDN,PACIFIC SARDINE,152.97,35605.11,0.11,7,9, ,4095.43,859567.71,0.1,31,16, ,53374.84,12747763.04,0.11,59,24, ,6225.19,1466008.4,0.11,45,21, 
2013,UMCK,UNSP. MACKEREL,0,0,0,0,0, ,0.68,355.28,0.24,6,5, ,5.51,2278.28,0.19,16,8, ,0.63,1284.14,0.93,3,3, 
2014,CMCK,CHUB MACKEREL,123.41,55778.04,0.21,14,12, ,3608.41,776273.05,0.1,39,25, ,2228.71,622833.07,0.13,90,34, ,1181.22,251837.65,0.1,53,26, 
2014,JMCK,JACK MACKEREL,17.83,4988.52,0.13,8,7, ,582.07,116940.69,0.09,36,17, ,900.38,179840.13,0.09,55,17, ,327.26,52970.27,0.07,36,16, 
2014,MSQD,MARKET SQUID,134.76,97003.6,0.33,10,4, ,25860.17,18520331.06,0.32,61,20, ,59317.91,42059306.14,0.32,80,30, ,18760.99,12213477.96,0.3,71,20, 
2014,NANC,NORTHERN ANCHOVY,7245.78,1108192.58,0.07,14,10, ,2985.31,447456.02,0.07,16,15, ,117.66,46842.33,0.18,12,7, ,243.1,39456.67,0.07,8,6, 
2014,PSDN,PACIFIC SARDINE,2963.71,724430.65,0.11,16,9, ,3590.22,935953.69,0.12,39,21, ,16676.4,7181752.41,0.2,66,28, ,112.16,20828.52,0.08,21,10, 
2014,UMCK,UNSP. MACKEREL,0.62,593,0.43,4,4, ,0.35,446.02,0.58,7,7, ,0.25,484.95,0.89,11,10, ,4.77,4738.83,0.45,13,11, 
2015,CMCK,CHUB MACKEREL,439.88,117010.09,0.12,32,24, ,1485.07,312928.08,0.1,56,33, ,2780.38,560178.97,0.09,80,40, ,939.45,200338.08,0.1,61,37, 
2015,JMCK,JACK MACKEREL,91.14,18778.79,0.09,11,10, ,1047.26,172663.03,0.07,35,23, ,306.59,40359.52,0.06,44,19, ,92.75,18315.49,0.09,33,16, 
2015,MSQD,MARKET SQUID,,,,1,1,*,525.04,298700.9,0.26,16,8, ,28635.14,18410742.39,0.29,62,23, ,7646.01,5743296.69,0.34,57,14, 
2015,NANC,NORTHERN ANCHOVY,4018.26,461319.98,0.05,12,8, ,7729.57,902574.58,0.05,17,10, ,454.19,100239.71,0.1,22,10, ,5498.22,624023.35,0.05,10,8, 
2015,PSDN,PACIFIC SARDINE,1667.05,491852.62,0.13,19,15, ,2125.48,658947.49,0.14,33,23, ,94.96,31414.2,0.15,16,10, ,42.82,14438.74,0.15,18,9, 
2015,UMCK,UNSP. MACKEREL,0.1,422.5,1.86,6,6, ,1.85,4503.9,1.1,10,9, ,82.58,28376.66,0.16,20,17, ,1.8,3028.25,0.76,19,17, 
2016,CMCK,CHUB MACKEREL,62.67,18489.89,0.13,23,20, ,585.32,135159.04,0.1,48,30, ,443.68,119215.5,0.12,56,31, ,737.7,206485,0.13,47,27, 
2016,JMCK,JACK MACKEREL,0.63,604.86,0.44,5,6, ,78.29,19401.14,0.11,31,16, ,143.97,17814.1,0.06,37,17, ,151.05,24550.98,0.07,28,14, 
2016,MSQD,MARKET SQUID,31.94,33624.8,0.48,8,6, ,8101.67,8525684.86,0.48,57,25, ,20694.52,21384592.11,0.47,72,23, ,9523.66,10319159.73,0.49,83,24, 
2016,NANC,NORTHERN ANCHOVY,3596.56,397423.67,0.05,14,6, ,2033.5,318102.2,0.07,17,13, ,5965.92,1268564.92,0.1,23,10, ,2310.6,343391.67,0.07,10,6, 
2016,PSDN,PACIFIC SARDINE,33.24,7883.55,0.11,7,5, ,60.22,12220.06,0.09,31,16, ,140.28,16872.36,0.05,38,18, ,288.33,68393.75,0.11,22,11, 
2016,UMCK,UNSP. MACKEREL,0.44,2490.49,2.57,8,8, ,0.17,247.8,0.68,7,7, ,0.1,394.96,1.84,6,4, ,0.18,844.3,2.15,8,6, 
2017,CMCK,CHUB MACKEREL,371.8,109069,0.13,20,17, ,942.25,257652.91,0.12,45,27, ,325.67,99915.09,0.14,51,28, ,655.37,173770.27,0.12,62,25, 
2017,JMCK,JACK MACKEREL,19.74,5517.8,0.13,9,7, ,23.96,18257.21,0.35,65,24, ,240.12,15628.21,0.03,51,26, ,199.84,17763.41,0.04,30,13, 
2017,MSQD,MARKET SQUID,1402.02,1545479.44,0.5,47,16, ,13692.68,15051679.52,0.5,69,28, ,8140.57,8933418.21,0.5,59,23, ,39176.49,43172194.1,0.5,86,30, 
2017,NANC,NORTHERN ANCHOVY,175.89,40250.86,0.1,6,5, ,561.13,127598.52,0.1,10,10, ,2941.39,383141.53,0.06,25,10, ,1888.73,255863.13,0.06,20,9, 
2017,PSDN,PACIFIC SARDINE,27.34,4109.72,0.07,7,5, ,146.36,21701.16,0.07,28,13, ,80.47,11626.3,0.07,30,16, ,179.29,24267.55,0.06,33,13, 
2017,UMCK,UNSP. MACKEREL,0.51,2252.7,2.02,8,6, ,1.85,7337.35,1.8,27,13, ,0.74,4134.48,2.55,20,16, ,1.04,5022.15,2.2,19,14, 
2018,CMCK,CHUB MACKEREL,160.9,69006.24,0.19,17,11, ,295.94,140148.95,0.21,25,20, ,1962.68,689301.11,0.16,58,30, ,166,90477.62,0.25,46,24, 
2018,JMCK,JACK MACKEREL,36.6,14204.11,0.18,18,11, ,18.37,7206.61,0.18,33,15, ,111.35,5050.21,0.02,42,19, ,38.75,2626.38,0.03,23,11, 
2018,MSQD,MARKET SQUID,5861.42,6308188,0.49,38,12, ,12509.71,12901232.59,0.47,58,27, ,2869.23,3142497.76,0.5,49,21, ,15158.77,16516518.81,0.49,90,24, 
2018,NANC,NORTHERN ANCHOVY,3602.65,404204.65,0.05,10,8, ,4767.32,536887.89,0.05,10,14, ,7251.39,843534.57,0.05,28,16, ,1869.92,205971.75,0.05,8,7, 
2018,PSDN,PACIFIC SARDINE,16.59,1823.05,0.05,11,7, ,6.71,6331.5,0.43,6,8, ,137.57,45354.59,0.15,34,17, ,177.22,26706.07,0.07,42,15, 
2018,UMCK,UNSP. MACKEREL,1.28,5891.5,2.1,14,11, ,1.08,2493.8,1.05,18,19, ,0.46,2101.4,2.06,22,18, ,2.34,2191.35,0.43,9,9, 
2019,CMCK,CHUB MACKEREL,21.15,10436.42,0.22,27,15, ,167.54,71957.41,0.19,89,54, ,3310.59,1103745.01,0.15,97,47, ,373.8,135679.04,0.16,62,33, 
2019,JMCK,JACK MACKEREL,0.02,1.3,0.03,8,7, ,94.58,8302.81,0.04,43,21, ,190.15,13949.58,0.03,54,27, ,270.15,12711.85,0.02,44,19, 
2019,MSQD,MARKET SQUID,3749.07,4030961.95,0.49,51,17, ,1622.59,1857687.86,0.52,40,27, ,3813.43,4362140.27,0.52,44,32, ,5532.48,6107967.84,0.5,62,31, 
2019,NANC,NORTHERN ANCHOVY,1891.91,208517.9,0.05,11,5, ,2508.96,375370.17,0.07,23,21, ,1248.56,202340.68,0.07,28,16, ,4568,520762.98,0.05,12,14, 
2019,PSDN,PACIFIC SARDINE,178.93,43533.63,0.11,18,10, ,633.89,534878.03,0.38,37,30, ,674.34,951243.93,0.64,46,26, ,401.04,384895.99,0.44,63,36, 
2019,UMCK,UNSP. MACKEREL,0.48,994.4,0.93,6,5, ,0.96,3846.96,1.81,17,17, ,,,,1,1,*,,,,1,1,*
2020,CMCK,CHUB MACKEREL,42.26,30131.71,0.32,31,23, ,113.92,40956.6,0.16,100,45, ,216.01,54190.96,0.11,105,51, ,333.3,154532.1,0.21,50,32, 
2020,JMCK,JACK MACKEREL,3.29,635.51,0.09,13,12, ,16.1,2060.65,0.06,47,23, ,265.19,7857.47,0.01,59,30, ,187.2,8022.27,0.02,31,16, 
2020,MSQD,MARKET SQUID,6089.82,6868256.44,0.51,62,32, ,12942.85,16929516.21,0.59,81,33, ,5352.33,7356464.06,0.62,54,26, ,734.08,957800.35,0.59,45,23, 
2020,NANC,NORTHERN ANCHOVY,3455.92,408270.9,0.05,16,14, ,570.05,93046.64,0.07,23,18, ,678.67,133437.9,0.09,27,16, ,984.83,117576.3,0.05,11,9, 
2020,PSDN,PACIFIC SARDINE,148.09,81782.6,0.25,31,26, ,861.79,428949.8,0.23,48,24, ,929.41,1140343.9,0.56,60,27, ,925.23,789827.13,0.39,37,22, 
2021,CMCK,CHUB MACKEREL,49.43,53165.18,0.49,16,14, ,6.23,9413.27,0.69,28,22, ,590.49,295510.05,0.23,55,37, ,279.87,124659.9,0.2,49,23, 
2021,JMCK,JACK MACKEREL,0.85,634.01,0.34,17,12, ,17.55,5232.55,0.14,38,24, ,783.28,56837.02,0.03,46,24, ,271.13,29047.54,0.05,42,17, 
2021,MSQD,MARKET SQUID,4222.02,5574721,0.6,75,27, ,22270.96,29272507.51,0.6,81,37, ,6758.27,8803781.15,0.59,63,33, ,15443.52,20402225.69,0.6,75,21, 
2021,NANC,NORTHERN ANCHOVY,1046.15,133504.35,0.06,13,11, ,904.8,718030.27,0.36,24,21, ,558.62,444657.54,0.36,24,18, ,427.19,143420.83,0.15,10,13, 
2021,PSDN,PACIFIC SARDINE,211.74,644106.5,1.38,32,22, ,431.36,2236301.25,2.35,39,27, ,752.19,5308576.45,3.2,55,30, ,355.19,1649304.13,2.11,59,30, 
2021,UMCK,UNSP. MACKEREL,0,0,0,0,0, ,,,,2,2,*,,,,2,2,*,0,0,0,0,0, 
2022,CMCK,CHUB MACKEREL,53.22,33794.65,0.29,29,22, ,9.94,16758.75,0.76,37,29, ,524.47,220363.34,0.19,69,39, ,346.91,167513.36,0.22,67,38, 
2022,JMCK,JACK MACKEREL,1.88,3395.07,0.82,22,11, ,22.13,9511.29,0.19,43,21, ,776.03,107030.97,0.06,60,32, ,367.18,64398.85,0.08,44,19, 
2022,MSQD,MARKET SQUID,16769.28,22078449.91,0.6,80,28, ,4125.27,5452352.63,0.6,54,28, ,4354.3,5780546.15,0.6,51,26, ,41325,54460312.53,0.6,83,29, 
2022,NANC,NORTHERN ANCHOVY,32.3,48223.26,0.68,14,9, ,657.61,241842.18,0.17,18,17, ,671,221453.63,0.15,27,20, ,187.15,72941.65,0.18,14,13, 
2022,PSDN,PACIFIC SARDINE,191.95,379448.08,0.9,50,19, ,472.48,320181.36,0.31,36,25, ,734.57,663194.98,0.41,60,30, ,377.95,298900.45,0.36,73,34, 
2023,CMCK,CHUB MACKEREL,5.36,18849.86,1.6,15,12, ,15.54,26246.39,0.77,48,35, ,459.87,256144.63,0.25,78,48, ,272.24,96685.11,0.16,83,33, 
2023,JMCK,JACK MACKEREL,69.21,15747.28,0.1,13,9, ,33.71,20179.97,0.27,47,30, ,351.86,62602.35,0.08,49,29, ,518.26,39938.88,0.03,51,24, 
2023,MSQD,MARKET SQUID,2562.6,3371035.8,0.6,23,8, ,989.58,1298582.2,0.6,22,12, ,1213.37,1543616.11,0.58,29,14, ,18944.75,24274755.55,0.58,74,19, 
2023,NANC,NORTHERN ANCHOVY,460.24,63732.53,0.06,5,6, ,1203.81,243098.06,0.09,15,12, ,1192.53,249527.41,0.09,27,19, ,309.88,49853.47,0.07,16,11, 
2023,PSDN,PACIFIC SARDINE,132.44,61405.15,0.21,24,14, ,374.23,271846.73,0.33,33,24, ,750.51,543032.35,0.33,44,30, ,455.83,186198.06,0.19,71,33, 
2023,UMCK,UNSP. MACKEREL,0,0,0,0,0, ,,,,2,2,*,,,,1,1,*,0.17,9.27,0.02,4,3, 
2024,CMCK,CHUB MACKEREL,17.62,25157.14,0.65,28,16, ,27.81,28715.52,0.47,41,27, ,1281.93,695130.63,0.25,79,43, ,64.49,52048.18,0.37,74,37, 
2024,JMCK,JACK MACKEREL,5.81,6033.08,0.47,22,13, ,23.05,42327.09,0.83,51,28, ,140.16,58282.75,0.19,61,31, ,31.19,47405.46,0.69,71,27, 
2024,MSQD,MARKET SQUID,5990.89,5147976.25,0.39,40,13, ,2026.46,2626230.8,0.59,36,17, ,7116.77,9313614.95,0.59,48,22, ,42402.56,51031652.8,0.55,76,23, 
2024,NANC,NORTHERN ANCHOVY,2.87,1700.9,0.27,8,6, ,3302.19,383923.5,0.05,15,10, ,1004.76,240247.56,0.11,27,20, ,132.73,35719.2,0.12,27,12, 
2024,PSDN,PACIFIC SARDINE,177.18,61384.51,0.16,32,19, ,390.74,167168.83,0.19,42,28, ,666.62,336401.03,0.23,59,35, ,243.47,102195.02,0.19,65,26, 